ts,link,packet_loss_pct,latency_ms,jitter_ms,upstream_mbps,downstream_mbps
2026-08-27T17:00:00Z,WAN1,0.27,15.1,1.7,36.8,130.6
2026-08-27T17:00:00Z,WAN2,0.2,19.1,5.3,89.1,184.5
2026-08-27T17:05:00Z,WAN1,0.21,18.4,1.3,24.4,181.4
2026-08-27T17:05:00Z,WAN2,0.17,22.7,2.2,54.8,105.5
2026-08-27T17:10:00Z,WAN1,0.26,21.6,1.5,58.6,216.9
2026-08-27T17:10:00Z,WAN2,0.3,21.1,1.8,92.1,157.2
2026-08-27T17:15:00Z,WAN1,0.35,11.3,5.2,111.6,198.1
2026-08-27T17:15:00Z,WAN2,0.07,13.9,2.8,108.2,84.8
2026-08-27T17:20:00Z,WAN1,0.17,14.3,3.7,92.8,47.9
2026-08-27T17:20:00Z,WAN2,0.09,9.4,3.5,84.7,244.3
2026-08-27T17:25:00Z,WAN1,0.29,10.8,6.0,21.6,90.6
2026-08-27T17:25:00Z,WAN2,0.25,19.0,3.0,88.1,157.4
2026-08-27T17:30:00Z,WAN1,0.13,13.3,3.1,30.8,225.7
2026-08-27T17:30:00Z,WAN2,0.07,17.9,5.6,101.3,252.6
2026-08-27T17:35:00Z,WAN1,0.07,21.7,1.1,42.6,111.5
2026-08-27T17:35:00Z,WAN2,0.27,24.7,2.1,69.9,114.6
2026-08-27T17:40:00Z,WAN1,0.29,8.2,5.5,50.0,86.3
2026-08-27T17:40:00Z,WAN2,0.33,20.4,4.9,107.9,158.0
2026-08-27T17:45:00Z,WAN1,0.17,21.5,3.5,44.4,199.6
2026-08-27T17:45:00Z,WAN2,0.18,21.0,5.4,99.3,57.9
2026-08-27T17:50:00Z,WAN1,0.22,15.6,1.2,48.8,41.8
2026-08-27T17:50:00Z,WAN2,0.28,11.6,1.9,106.6,109.8
2026-08-27T17:55:00Z,WAN1,0.27,19.3,4.2,27.7,96.3
2026-08-27T17:55:00Z,WAN2,0.33,14.6,2.5,69.6,49.0
2026-08-27T18:00:00Z,WAN1,0.28,21.1,5.8,51.6,219.4
2026-08-27T18:00:00Z,WAN2,0.38,22.6,3.3,115.5,181.1
2026-08-27T18:05:00Z,WAN1,0.23,17.8,1.9,59.2,171.0
2026-08-27T18:05:00Z,WAN2,0.31,17.5,2.7,117.1,60.4
2026-08-27T18:10:00Z,WAN1,0.07,13.9,5.9,66.7,144.2
2026-08-27T18:10:00Z,WAN2,0.33,11.9,5.0,27.6,194.4
2026-08-27T18:15:00Z,WAN1,0.38,18.3,2.2,41.3,249.4
2026-08-27T18:15:00Z,WAN2,0.11,23.8,3.1,30.0,229.6
2026-08-27T18:20:00Z,WAN1,0.3,19.4,1.1,57.0,167.5
2026-08-27T18:20:00Z,WAN2,0.37,9.6,3.2,55.1,202.7
2026-08-27T18:25:00Z,WAN1,0.18,13.4,3.4,74.4,50.6
2026-08-27T18:25:00Z,WAN2,0.13,12.3,2.4,55.7,111.7
2026-08-27T18:30:00Z,WAN1,0.15,19.6,2.2,115.3,60.3
2026-08-27T18:30:00Z,WAN2,0.12,20.3,4.3,50.6,113.8
2026-08-27T18:35:00Z,WAN1,0.29,14.4,5.0,110.8,79.4
2026-08-27T18:35:00Z,WAN2,0.27,12.0,3.8,109.5,205.1
2026-08-27T18:40:00Z,WAN1,0.35,13.8,2.4,74.2,133.6
2026-08-27T18:40:00Z,WAN2,0.21,12.3,2.0,80.9,69.2
2026-08-27T18:45:00Z,WAN1,0.09,9.5,4.4,35.8,111.2
2026-08-27T18:45:00Z,WAN2,0.34,16.9,3.3,52.8,174.3
2026-08-27T18:50:00Z,WAN1,0.31,14.1,1.7,38.4,222.2
2026-08-27T18:50:00Z,WAN2,0.19,23.8,2.1,91.4,141.3
2026-08-27T18:55:00Z,WAN1,0.11,20.2,2.6,42.1,156.7
2026-08-27T18:55:00Z,WAN2,0.17,9.4,5.9,59.9,134.3
2026-08-27T19:00:00Z,WAN1,0.05,10.5,1.9,27.1,182.6
2026-08-27T19:00:00Z,WAN2,0.26,22.5,2.3,100.4,234.4
2026-08-27T19:05:00Z,WAN1,0.02,11.4,2.0,107.1,234.1
2026-08-27T19:05:00Z,WAN2,0.03,12.1,1.8,82.8,151.6
2026-08-27T19:10:00Z,WAN1,0.38,22.2,2.4,47.2,170.4
2026-08-27T19:10:00Z,WAN2,0.16,21.5,2.0,106.7,193.1
2026-08-27T19:15:00Z,WAN1,0.16,24.4,2.7,97.1,290.5
2026-08-27T19:15:00Z,WAN2,0.36,24.7,3.2,97.4,256.9
2026-08-27T19:20:00Z,WAN1,0.12,15.7,5.6,98.2,119.4
2026-08-27T19:20:00Z,WAN2,0.31,10.0,3.0,77.3,119.8
2026-08-27T19:25:00Z,WAN1,0.0,17.8,4.1,86.2,83.2
2026-08-27T19:25:00Z,WAN2,0.03,8.8,3.7,23.7,93.0
2026-08-27T19:30:00Z,WAN1,0.2,14.4,4.4,33.4,174.2
2026-08-27T19:30:00Z,WAN2,0.17,11.3,5.5,113.2,290.8
2026-08-27T19:35:00Z,WAN1,0.1,8.4,4.5,110.1,130.6
2026-08-27T19:35:00Z,WAN2,0.12,21.7,3.8,79.2,224.8
2026-08-27T19:40:00Z,WAN1,0.21,21.9,3.8,93.8,42.8
2026-08-27T19:40:00Z,WAN2,0.19,23.4,3.4,89.2,178.1
2026-08-27T19:45:00Z,WAN1,0.37,9.3,2.4,36.7,266.3
2026-08-27T19:45:00Z,WAN2,0.39,11.3,2.4,44.7,197.4
2026-08-27T19:50:00Z,WAN1,0.28,12.3,5.1,65.2,169.3
2026-08-27T19:50:00Z,WAN2,0.15,15.8,1.2,23.9,291.6
2026-08-27T19:55:00Z,WAN1,0.12,14.0,5.9,51.0,64.1
2026-08-27T19:55:00Z,WAN2,0.35,14.8,4.2,49.8,72.9
2026-08-27T20:00:00Z,WAN1,0.09,21.0,3.7,86.3,229.8
2026-08-27T20:00:00Z,WAN2,0.23,19.6,2.0,38.4,153.7
2026-08-27T20:05:00Z,WAN1,0.34,11.8,4.9,102.7,231.2
2026-08-27T20:05:00Z,WAN2,0.04,10.2,5.0,41.9,46.0
2026-08-27T20:10:00Z,WAN1,0.23,19.8,5.1,91.4,195.2
2026-08-27T20:10:00Z,WAN2,0.14,23.8,2.3,65.3,69.0
2026-08-27T20:15:00Z,WAN1,0.23,19.7,3.6,57.5,51.7
2026-08-27T20:15:00Z,WAN2,0.25,8.7,4.8,81.8,264.2
2026-08-27T20:20:00Z,WAN1,0.26,20.9,2.4,114.1,192.4
2026-08-27T20:20:00Z,WAN2,0.22,14.5,5.2,83.2,184.0
2026-08-27T20:25:00Z,WAN1,0.25,21.4,5.9,39.7,289.9
2026-08-27T20:25:00Z,WAN2,0.11,15.4,4.7,101.3,128.9
2026-08-27T20:30:00Z,WAN1,0.12,17.0,3.4,60.2,118.1
2026-08-27T20:30:00Z,WAN2,0.0,23.8,2.7,111.4,203.0
2026-08-27T20:35:00Z,WAN1,0.04,11.0,2.9,39.7,67.2
2026-08-27T20:35:00Z,WAN2,0.31,16.4,1.8,71.6,216.9
2026-08-27T20:40:00Z,WAN1,0.33,15.4,2.1,23.8,193.4
2026-08-27T20:40:00Z,WAN2,0.21,24.9,2.2,25.4,177.8
2026-08-27T20:45:00Z,WAN1,0.28,12.0,2.4,38.9,259.6
2026-08-27T20:45:00Z,WAN2,0.23,12.7,2.8,45.5,46.0
2026-08-27T20:50:00Z,WAN1,0.33,21.1,2.6,54.4,281.9
2026-08-27T20:50:00Z,WAN2,0.11,19.9,5.6,50.4,243.8
2026-08-27T20:55:00Z,WAN1,0.13,24.6,1.7,37.5,221.1
2026-08-27T20:55:00Z,WAN2,0.14,15.8,5.3,35.9,98.6
2026-08-27T21:00:00Z,WAN1,0.25,12.0,3.3,41.8,205.2
2026-08-27T21:00:00Z,WAN2,0.26,8.8,4.9,113.7,118.1
2026-08-27T21:05:00Z,WAN1,0.31,13.2,5.5,115.6,223.7
2026-08-27T21:05:00Z,WAN2,0.16,13.9,1.9,108.2,282.3
2026-08-27T21:10:00Z,WAN1,0.28,23.6,2.7,28.2,164.6
2026-08-27T21:10:00Z,WAN2,0.4,18.1,5.2,84.9,147.0
2026-08-27T21:15:00Z,WAN1,0.2,12.1,3.0,116.0,279.5
2026-08-27T21:15:00Z,WAN2,0.25,20.0,2.6,84.4,274.5
2026-08-27T21:20:00Z,WAN1,0.03,24.6,1.9,24.6,45.9
2026-08-27T21:20:00Z,WAN2,0.16,20.6,2.2,114.3,239.2
2026-08-27T21:25:00Z,WAN1,0.06,21.3,2.1,91.2,53.0
2026-08-27T21:25:00Z,WAN2,0.32,13.9,4.4,27.0,170.0
2026-08-27T21:30:00Z,WAN1,0.15,10.5,3.1,117.2,49.3
2026-08-27T21:30:00Z,WAN2,0.38,13.8,5.0,101.4,191.5
2026-08-27T21:35:00Z,WAN1,0.25,24.5,3.2,100.8,165.5
2026-08-27T21:35:00Z,WAN2,0.13,24.9,1.7,115.2,233.4
2026-08-27T21:40:00Z,WAN1,0.07,23.1,1.2,91.9,290.2
2026-08-27T21:40:00Z,WAN2,0.31,23.6,4.5,93.0,275.8
2026-08-27T21:45:00Z,WAN1,0.37,14.3,1.9,57.9,67.1
2026-08-27T21:45:00Z,WAN2,0.36,15.3,5.9,30.9,158.8
2026-08-27T21:50:00Z,WAN1,0.24,14.3,4.5,46.4,47.8
2026-08-27T21:50:00Z,WAN2,0.36,17.1,2.6,98.6,66.8
2026-08-27T21:55:00Z,WAN1,0.12,16.4,5.3,78.6,159.9
2026-08-27T21:55:00Z,WAN2,0.25,23.8,2.9,38.7,180.0
2026-08-27T22:00:00Z,WAN1,0.05,12.2,4.3,65.0,86.1
2026-08-27T22:00:00Z,WAN2,0.0,24.5,5.2,83.6,185.3
2026-08-27T22:05:00Z,WAN1,0.19,24.5,6.0,114.7,208.4
2026-08-27T22:05:00Z,WAN2,0.26,23.7,2.2,69.4,187.8
2026-08-27T22:10:00Z,WAN1,0.13,18.0,3.9,112.4,160.2
2026-08-27T22:10:00Z,WAN2,0.16,17.3,1.0,22.9,47.4
2026-08-27T22:15:00Z,WAN1,0.35,22.7,4.8,46.0,199.8
2026-08-27T22:15:00Z,WAN2,0.06,17.2,3.6,87.7,71.6
2026-08-27T22:20:00Z,WAN1,0.37,18.0,6.0,29.2,228.9
2026-08-27T22:20:00Z,WAN2,0.33,24.9,2.2,52.6,272.1
2026-08-27T22:25:00Z,WAN1,0.28,9.9,4.0,49.8,247.9
2026-08-27T22:25:00Z,WAN2,0.04,20.3,3.0,35.8,105.9
2026-08-27T22:30:00Z,WAN1,0.32,24.1,5.8,24.0,269.5
2026-08-27T22:30:00Z,WAN2,0.25,14.6,1.2,91.7,179.3
2026-08-27T22:35:00Z,WAN1,0.09,17.1,1.4,114.4,260.1
2026-08-27T22:35:00Z,WAN2,0.29,24.9,1.9,68.4,288.3
2026-08-27T22:40:00Z,WAN1,0.36,18.9,1.6,69.5,183.7
2026-08-27T22:40:00Z,WAN2,0.22,12.9,2.1,50.2,104.1
2026-08-27T22:45:00Z,WAN1,0.38,10.9,2.0,118.2,73.5
2026-08-27T22:45:00Z,WAN2,0.01,14.7,3.8,85.8,265.7
2026-08-27T22:50:00Z,WAN1,0.37,8.2,5.0,41.9,198.5
2026-08-27T22:50:00Z,WAN2,0.33,10.1,3.7,113.1,146.4
2026-08-27T22:55:00Z,WAN1,0.26,21.0,2.8,30.8,220.3
2026-08-27T22:55:00Z,WAN2,0.01,23.8,3.4,75.4,77.0
2026-08-27T23:00:00Z,WAN1,0.21,15.5,4.3,29.3,114.6
2026-08-27T23:00:00Z,WAN2,0.22,21.1,4.3,22.7,284.5
2026-08-27T23:05:00Z,WAN1,0.16,18.8,5.9,103.7,133.5
2026-08-27T23:05:00Z,WAN2,0.1,16.6,3.5,33.4,198.7
2026-08-27T23:10:00Z,WAN1,0.34,11.0,4.1,73.8,95.2
2026-08-27T23:10:00Z,WAN2,0.34,10.3,4.9,27.4,271.5
2026-08-27T23:15:00Z,WAN1,0.11,19.8,4.3,87.4,240.6
2026-08-27T23:15:00Z,WAN2,0.11,15.5,4.0,91.2,146.3
2026-08-27T23:20:00Z,WAN1,0.14,18.6,1.5,74.0,144.2
2026-08-27T23:20:00Z,WAN2,0.27,13.6,1.3,89.7,123.2
2026-08-27T23:25:00Z,WAN1,0.03,8.7,5.7,70.3,76.3
2026-08-27T23:25:00Z,WAN2,0.03,17.5,3.2,24.6,181.1
2026-08-27T23:30:00Z,WAN1,0.2,17.9,1.5,20.6,202.1
2026-08-27T23:30:00Z,WAN2,0.0,16.7,2.9,106.6,177.6
2026-08-27T23:35:00Z,WAN1,0.06,10.5,5.1,43.0,194.8
2026-08-27T23:35:00Z,WAN2,0.14,13.2,2.8,82.0,133.7
2026-08-27T23:40:00Z,WAN1,0.13,14.1,5.2,117.6,237.9
2026-08-27T23:40:00Z,WAN2,0.3,14.5,4.6,87.2,296.8
2026-08-27T23:45:00Z,WAN1,0.1,8.0,3.6,90.7,122.5
2026-08-27T23:45:00Z,WAN2,0.39,11.4,4.2,105.2,296.1
2026-08-27T23:50:00Z,WAN1,0.15,20.4,1.7,70.0,75.2
2026-08-27T23:50:00Z,WAN2,0.31,17.1,1.3,117.5,168.2
2026-08-27T23:55:00Z,WAN1,0.34,23.6,3.9,63.9,216.7
2026-08-27T23:55:00Z,WAN2,0.2,11.1,1.0,96.4,278.3
2026-08-28T00:00:00Z,WAN1,0.29,17.1,5.2,53.1,112.9
2026-08-28T00:00:00Z,WAN2,0.31,23.0,3.8,72.8,199.8
2026-08-28T00:05:00Z,WAN1,0.16,15.2,1.3,78.8,249.2
2026-08-28T00:05:00Z,WAN2,0.14,19.9,4.7,88.7,85.2
2026-08-28T00:10:00Z,WAN1,0.18,18.2,5.4,22.1,66.7
2026-08-28T00:10:00Z,WAN2,0.08,21.5,1.8,73.5,118.6
2026-08-28T00:15:00Z,WAN1,0.28,15.3,2.4,73.1,271.9
2026-08-28T00:15:00Z,WAN2,0.35,17.1,4.6,112.4,224.3
2026-08-28T00:20:00Z,WAN1,0.25,21.1,1.6,77.1,108.0
2026-08-28T00:20:00Z,WAN2,0.2,9.5,2.4,71.7,251.6
2026-08-28T00:25:00Z,WAN1,0.39,24.6,4.1,101.0,141.5
2026-08-28T00:25:00Z,WAN2,0.05,13.2,4.4,76.3,69.4
2026-08-28T00:30:00Z,WAN1,0.09,19.7,5.7,64.5,174.8
2026-08-28T00:30:00Z,WAN2,0.36,20.6,4.4,74.3,252.5
2026-08-28T00:35:00Z,WAN1,0.13,8.9,5.1,87.9,65.9
2026-08-28T00:35:00Z,WAN2,0.38,15.9,3.3,27.9,78.6
2026-08-28T00:40:00Z,WAN1,0.32,20.0,3.9,73.0,132.6
2026-08-28T00:40:00Z,WAN2,0.32,24.6,1.4,46.5,240.9
2026-08-28T00:45:00Z,WAN1,0.28,21.3,1.7,60.9,162.4
2026-08-28T00:45:00Z,WAN2,0.01,17.6,1.8,69.9,239.4
2026-08-28T00:50:00Z,WAN1,0.04,23.9,4.7,56.3,64.6
2026-08-28T00:50:00Z,WAN2,0.27,15.3,6.0,67.0,199.6
2026-08-28T00:55:00Z,WAN1,0.14,10.5,3.0,42.0,171.5
2026-08-28T00:55:00Z,WAN2,0.1,20.3,5.3,87.7,114.0
2026-08-28T01:00:00Z,WAN1,0.02,20.8,3.0,117.6,71.4
2026-08-28T01:00:00Z,WAN2,0.25,22.6,2.5,59.3,107.5
2026-08-28T01:05:00Z,WAN1,0.01,24.4,3.0,102.6,41.2
2026-08-28T01:05:00Z,WAN2,0.36,16.3,5.2,50.5,100.7
2026-08-28T01:10:00Z,WAN1,0.18,15.0,2.7,37.7,47.6
2026-08-28T01:10:00Z,WAN2,0.01,10.5,2.0,103.4,212.8
2026-08-28T01:15:00Z,WAN1,0.22,9.2,2.6,115.1,272.6
2026-08-28T01:15:00Z,WAN2,0.36,14.1,4.2,45.0,207.0
2026-08-28T01:20:00Z,WAN1,0.21,18.0,1.3,43.2,113.5
2026-08-28T01:20:00Z,WAN2,0.21,13.3,2.9,69.6,186.5
2026-08-28T01:25:00Z,WAN1,0.14,13.9,3.9,82.5,232.5
2026-08-28T01:25:00Z,WAN2,0.25,10.1,2.8,83.9,225.3
2026-08-28T01:30:00Z,WAN1,0.36,20.4,4.0,81.1,109.9
2026-08-28T01:30:00Z,WAN2,0.23,14.2,2.7,42.1,288.6
2026-08-28T01:35:00Z,WAN1,0.39,13.2,3.6,26.8,255.4
2026-08-28T01:35:00Z,WAN2,0.11,22.5,2.2,71.3,219.4
2026-08-28T01:40:00Z,WAN1,0.24,23.4,4.7,67.9,141.6
2026-08-28T01:40:00Z,WAN2,0.16,15.7,5.1,23.0,119.0
2026-08-28T01:45:00Z,WAN1,0.28,9.9,5.0,55.3,269.8
2026-08-28T01:45:00Z,WAN2,0.09,21.1,5.3,52.6,186.8
2026-08-28T01:50:00Z,WAN1,0.31,24.0,3.9,109.4,271.5
2026-08-28T01:50:00Z,WAN2,0.39,11.5,3.3,81.5,198.9
2026-08-28T01:55:00Z,WAN1,0.04,17.8,5.6,74.1,87.0
2026-08-28T01:55:00Z,WAN2,0.12,23.5,3.1,28.3,114.1
2026-08-28T02:00:00Z,WAN1,0.23,10.8,3.5,68.3,212.7
2026-08-28T02:00:00Z,WAN2,0.11,11.2,3.3,38.2,185.6
2026-08-28T02:05:00Z,WAN1,0.16,22.5,1.9,72.9,112.4
2026-08-28T02:05:00Z,WAN2,0.06,10.3,3.8,71.9,200.8
2026-08-28T02:10:00Z,WAN1,0.27,9.3,5.9,113.8,107.6
2026-08-28T02:10:00Z,WAN2,0.07,21.5,1.4,84.1,120.4
2026-08-28T02:15:00Z,WAN1,0.39,10.3,3.5,32.6,73.4
2026-08-28T02:15:00Z,WAN2,0.29,21.4,1.8,119.3,79.0
2026-08-28T02:20:00Z,WAN1,0.12,12.2,2.3,79.7,43.1
2026-08-28T02:20:00Z,WAN2,0.32,21.9,5.8,84.8,74.5
2026-08-28T02:25:00Z,WAN1,0.12,10.2,5.7,80.5,226.0
2026-08-28T02:25:00Z,WAN2,0.31,20.8,5.8,38.3,135.0
2026-08-28T02:30:00Z,WAN1,0.19,18.4,3.5,45.0,121.9
2026-08-28T02:30:00Z,WAN2,0.27,9.3,5.1,28.8,150.4
2026-08-28T02:35:00Z,WAN1,0.35,11.1,3.6,40.9,69.4
2026-08-28T02:35:00Z,WAN2,0.24,23.3,3.1,111.7,124.5
2026-08-28T02:40:00Z,WAN1,0.27,22.8,1.9,93.0,113.3
2026-08-28T02:40:00Z,WAN2,0.16,10.4,5.5,48.9,143.8
2026-08-28T02:45:00Z,WAN1,0.34,14.9,3.9,78.8,245.0
2026-08-28T02:45:00Z,WAN2,0.18,23.0,2.1,119.3,42.9
2026-08-28T02:50:00Z,WAN1,0.33,16.8,5.4,35.9,63.4
2026-08-28T02:50:00Z,WAN2,0.31,15.0,2.4,104.6,195.8
2026-08-28T02:55:00Z,WAN1,0.08,17.8,4.0,24.9,176.0
2026-08-28T02:55:00Z,WAN2,0.24,11.2,5.5,57.5,185.6
2026-08-28T03:00:00Z,WAN1,0.13,15.4,5.9,58.2,161.4
2026-08-28T03:00:00Z,WAN2,0.1,14.9,2.4,116.1,283.3
2026-08-28T03:05:00Z,WAN1,0.06,21.1,5.5,86.9,284.4
2026-08-28T03:05:00Z,WAN2,0.11,23.5,4.9,88.1,160.2
2026-08-28T03:10:00Z,WAN1,0.29,24.1,1.9,22.7,205.6
2026-08-28T03:10:00Z,WAN2,0.03,23.3,5.3,119.6,74.5
2026-08-28T03:15:00Z,WAN1,0.17,9.1,4.5,31.5,68.7
2026-08-28T03:15:00Z,WAN2,0.08,10.7,5.4,112.0,222.2
2026-08-28T03:20:00Z,WAN1,0.28,15.3,2.0,39.2,61.3
2026-08-28T03:20:00Z,WAN2,0.04,12.8,3.8,27.1,186.3
2026-08-28T03:25:00Z,WAN1,0.2,13.2,1.4,60.3,261.3
2026-08-28T03:25:00Z,WAN2,0.3,20.1,2.5,37.1,240.3
2026-08-28T03:30:00Z,WAN1,0.03,15.9,2.8,39.2,53.2
2026-08-28T03:30:00Z,WAN2,0.12,17.7,3.5,101.4,206.0
2026-08-28T03:35:00Z,WAN1,0.39,11.8,2.5,55.2,77.4
2026-08-28T03:35:00Z,WAN2,0.11,16.5,2.9,49.2,242.1
2026-08-28T03:40:00Z,WAN1,0.29,23.7,3.7,78.2,195.2
2026-08-28T03:40:00Z,WAN2,0.37,13.6,5.3,70.7,239.8
2026-08-28T03:45:00Z,WAN1,0.31,12.9,4.0,65.3,82.7
2026-08-28T03:45:00Z,WAN2,0.15,24.2,2.7,33.1,218.6
2026-08-28T03:50:00Z,WAN1,0.19,18.4,1.6,72.4,156.6
2026-08-28T03:50:00Z,WAN2,0.23,16.1,3.8,118.9,69.8
2026-08-28T03:55:00Z,WAN1,0.02,13.9,1.6,23.4,234.7
2026-08-28T03:55:00Z,WAN2,0.33,8.1,1.9,41.2,138.9
2026-08-28T04:00:00Z,WAN1,0.4,9.3,2.9,72.8,92.4
2026-08-28T04:00:00Z,WAN2,0.13,20.0,4.4,99.6,221.7
2026-08-28T04:05:00Z,WAN1,0.13,10.3,1.1,86.6,247.1
2026-08-28T04:05:00Z,WAN2,0.28,18.3,3.0,24.7,156.6
2026-08-28T04:10:00Z,WAN1,0.04,13.0,4.8,78.6,272.3
2026-08-28T04:10:00Z,WAN2,0.34,20.3,5.7,35.3,232.7
2026-08-28T04:15:00Z,WAN1,0.25,17.4,1.6,69.9,275.3
2026-08-28T04:15:00Z,WAN2,0.29,23.8,4.9,26.6,144.1
2026-08-28T04:20:00Z,WAN1,0.34,20.3,3.5,65.5,142.2
2026-08-28T04:20:00Z,WAN2,0.15,14.0,3.4,79.1,80.0
2026-08-28T04:25:00Z,WAN1,0.07,18.7,3.9,69.0,175.3
2026-08-28T04:25:00Z,WAN2,0.14,25.0,2.5,73.2,117.7
2026-08-28T04:30:00Z,WAN1,0.24,13.2,3.1,24.8,128.4
2026-08-28T04:30:00Z,WAN2,0.18,18.5,4.9,25.1,123.8
2026-08-28T04:35:00Z,WAN1,0.1,15.8,5.5,113.1,228.2
2026-08-28T04:35:00Z,WAN2,0.37,16.5,4.1,33.5,228.1
2026-08-28T04:40:00Z,WAN1,0.11,17.4,2.2,71.2,142.9
2026-08-28T04:40:00Z,WAN2,0.35,16.9,4.8,45.7,171.1
2026-08-28T04:45:00Z,WAN1,0.21,13.3,3.1,22.1,79.1
2026-08-28T04:45:00Z,WAN2,0.13,19.6,3.9,91.3,63.6
2026-08-28T04:50:00Z,WAN1,0.09,23.8,1.7,37.4,184.5
2026-08-28T04:50:00Z,WAN2,0.18,22.8,5.3,78.4,156.9
2026-08-28T04:55:00Z,WAN1,0.18,24.8,1.6,68.3,238.5
2026-08-28T04:55:00Z,WAN2,0.27,9.6,5.1,112.8,234.0
2026-08-28T05:00:00Z,WAN1,0.07,23.3,1.7,21.6,222.3
2026-08-28T05:00:00Z,WAN2,0.28,21.3,3.6,27.0,49.8
2026-08-28T05:05:00Z,WAN1,0.26,20.9,2.7,96.4,138.4
2026-08-28T05:05:00Z,WAN2,0.18,19.7,4.4,84.8,76.0
2026-08-28T05:10:00Z,WAN1,0.28,21.3,4.8,83.0,194.2
2026-08-28T05:10:00Z,WAN2,0.1,24.9,5.9,45.9,210.8
2026-08-28T05:15:00Z,WAN1,0.3,16.0,2.4,55.2,80.5
2026-08-28T05:15:00Z,WAN2,0.32,16.8,6.0,41.3,295.3
2026-08-28T05:20:00Z,WAN1,0.26,17.3,1.5,26.6,169.3
2026-08-28T05:20:00Z,WAN2,0.05,18.8,2.2,112.1,208.3
2026-08-28T05:25:00Z,WAN1,0.02,22.6,4.4,41.6,137.3
2026-08-28T05:25:00Z,WAN2,0.27,23.2,3.0,100.9,284.5
2026-08-28T05:30:00Z,WAN1,0.38,18.5,5.1,27.5,225.4
2026-08-28T05:30:00Z,WAN2,0.34,13.9,5.2,55.0,256.8
2026-08-28T05:35:00Z,WAN1,0.13,17.4,4.1,32.0,61.8
2026-08-28T05:35:00Z,WAN2,0.14,15.3,4.2,116.1,284.8
2026-08-28T05:40:00Z,WAN1,0.05,20.0,1.6,26.6,66.0
2026-08-28T05:40:00Z,WAN2,0.36,20.1,3.6,77.8,202.6
2026-08-28T05:45:00Z,WAN1,0.04,16.1,5.5,23.2,224.7
2026-08-28T05:45:00Z,WAN2,0.03,17.1,1.9,27.5,56.5
2026-08-28T05:50:00Z,WAN1,0.17,24.5,1.7,64.1,119.6
2026-08-28T05:50:00Z,WAN2,0.15,11.7,3.0,118.0,76.4
2026-08-28T05:55:00Z,WAN1,0.33,21.5,3.3,89.1,183.4
2026-08-28T05:55:00Z,WAN2,0.4,8.9,4.8,102.1,209.9
2026-08-28T06:00:00Z,WAN1,0.39,8.9,4.1,94.6,58.9
2026-08-28T06:00:00Z,WAN2,0.21,21.9,4.4,58.1,252.6
2026-08-28T06:05:00Z,WAN1,0.37,11.9,2.2,102.1,236.3
2026-08-28T06:05:00Z,WAN2,0.17,24.8,5.9,79.5,138.9
2026-08-28T06:10:00Z,WAN1,0.04,8.2,3.0,63.3,62.1
2026-08-28T06:10:00Z,WAN2,0.09,22.7,4.7,55.9,67.5
2026-08-28T06:15:00Z,WAN1,0.37,23.4,4.8,88.3,217.8
2026-08-28T06:15:00Z,WAN2,0.11,17.5,1.0,52.2,88.1
2026-08-28T06:20:00Z,WAN1,0.04,20.3,3.2,51.7,243.2
2026-08-28T06:20:00Z,WAN2,0.26,19.5,5.5,38.5,156.9
2026-08-28T06:25:00Z,WAN1,0.03,20.5,4.8,23.2,129.0
2026-08-28T06:25:00Z,WAN2,0.03,21.9,4.0,44.7,221.9
2026-08-28T06:30:00Z,WAN1,0.37,22.9,2.9,22.3,135.9
2026-08-28T06:30:00Z,WAN2,0.11,20.0,2.7,104.7,112.6
2026-08-28T06:35:00Z,WAN1,0.36,23.8,3.7,23.5,245.0
2026-08-28T06:35:00Z,WAN2,0.34,10.3,4.6,29.2,122.8
2026-08-28T06:40:00Z,WAN1,0.12,10.7,4.2,118.6,170.9
2026-08-28T06:40:00Z,WAN2,0.38,12.5,1.6,48.2,252.9
2026-08-28T06:45:00Z,WAN1,0.13,13.9,5.4,80.8,143.0
2026-08-28T06:45:00Z,WAN2,0.35,10.4,2.0,81.7,168.2
2026-08-28T06:50:00Z,WAN1,0.27,21.8,4.4,37.5,228.0
2026-08-28T06:50:00Z,WAN2,0.09,9.6,2.5,58.5,171.2
2026-08-28T06:55:00Z,WAN1,0.05,18.8,2.9,119.0,164.7
2026-08-28T06:55:00Z,WAN2,0.33,21.7,4.0,86.3,62.3
2026-08-28T07:00:00Z,WAN1,0.36,24.4,5.6,28.1,95.8
2026-08-28T07:00:00Z,WAN2,0.13,11.0,2.3,29.8,192.4
2026-08-28T07:05:00Z,WAN1,0.35,13.7,5.2,106.7,189.2
2026-08-28T07:05:00Z,WAN2,0.35,12.3,4.1,84.4,41.0
2026-08-28T07:10:00Z,WAN1,0.39,12.4,3.6,99.0,164.5
2026-08-28T07:10:00Z,WAN2,0.05,24.8,5.3,69.3,124.1
2026-08-28T07:15:00Z,WAN1,0.0,13.3,5.9,95.6,78.2
2026-08-28T07:15:00Z,WAN2,0.26,9.5,3.5,115.3,47.0
2026-08-28T07:20:00Z,WAN1,0.2,24.5,1.5,64.9,248.3
2026-08-28T07:20:00Z,WAN2,0.34,17.1,3.9,74.1,215.0
2026-08-28T07:25:00Z,WAN1,0.39,19.2,2.1,43.2,167.5
2026-08-28T07:25:00Z,WAN2,0.27,21.5,2.4,39.1,63.4
2026-08-28T07:30:00Z,WAN1,0.3,8.5,1.1,64.1,249.7
2026-08-28T07:30:00Z,WAN2,0.39,12.5,2.8,30.9,74.5
2026-08-28T07:35:00Z,WAN1,0.08,21.5,4.5,90.0,241.3
2026-08-28T07:35:00Z,WAN2,0.08,24.5,3.7,46.5,249.3
2026-08-28T07:40:00Z,WAN1,0.1,8.3,4.8,32.8,297.7
2026-08-28T07:40:00Z,WAN2,0.34,13.7,5.8,79.1,181.5
2026-08-28T07:45:00Z,WAN1,0.11,23.3,4.1,49.0,121.0
2026-08-28T07:45:00Z,WAN2,0.12,13.6,5.7,77.8,203.0
2026-08-28T07:50:00Z,WAN1,0.3,9.1,4.0,98.3,61.2
2026-08-28T07:50:00Z,WAN2,0.37,16.4,1.1,117.4,146.2
2026-08-28T07:55:00Z,WAN1,0.33,24.6,1.2,47.4,167.6
2026-08-28T07:55:00Z,WAN2,0.12,20.1,2.8,67.8,146.8
2026-08-28T08:00:00Z,WAN1,0.31,17.2,2.9,107.2,154.3
2026-08-28T08:00:00Z,WAN2,0.4,10.2,1.5,89.7,271.0
2026-08-28T08:05:00Z,WAN1,0.02,13.8,4.6,92.1,184.2
2026-08-28T08:05:00Z,WAN2,0.27,22.8,3.9,57.8,93.8
2026-08-28T08:10:00Z,WAN1,0.13,21.9,5.3,56.2,101.1
2026-08-28T08:10:00Z,WAN2,0.39,8.9,2.9,60.7,221.5
2026-08-28T08:15:00Z,WAN1,0.02,19.6,1.2,40.7,154.9
2026-08-28T08:15:00Z,WAN2,0.31,11.3,4.3,22.4,80.6
2026-08-28T08:20:00Z,WAN1,0.12,9.3,5.0,77.5,255.5
2026-08-28T08:20:00Z,WAN2,0.19,17.5,1.1,113.4,121.7
2026-08-28T08:25:00Z,WAN1,0.26,22.4,3.0,54.5,238.5
2026-08-28T08:25:00Z,WAN2,0.32,23.5,3.0,53.9,171.2
2026-08-28T08:30:00Z,WAN1,0.24,19.4,5.1,83.0,105.6
2026-08-28T08:30:00Z,WAN2,0.31,21.2,5.2,29.9,144.2
2026-08-28T08:35:00Z,WAN1,0.34,14.7,1.8,23.8,223.2
2026-08-28T08:35:00Z,WAN2,0.01,13.9,3.3,37.0,158.8
2026-08-28T08:40:00Z,WAN1,0.29,9.2,2.6,86.8,201.1
2026-08-28T08:40:00Z,WAN2,0.23,12.8,2.8,113.3,165.4
2026-08-28T08:45:00Z,WAN1,0.12,16.0,1.6,77.1,284.7
2026-08-28T08:45:00Z,WAN2,0.26,8.1,5.2,39.7,49.3
2026-08-28T08:50:00Z,WAN1,0.11,17.1,1.0,119.0,145.8
2026-08-28T08:50:00Z,WAN2,0.0,19.6,5.9,22.3,81.4
2026-08-28T08:55:00Z,WAN1,0.05,14.2,2.9,23.1,290.2
2026-08-28T08:55:00Z,WAN2,0.31,12.8,4.1,67.9,248.2
2026-08-28T09:00:00Z,WAN1,0.1,24.2,4.7,82.6,187.3
2026-08-28T09:00:00Z,WAN2,0.26,8.4,5.5,68.8,91.5
2026-08-28T09:05:00Z,WAN1,0.14,20.3,4.9,41.6,140.0
2026-08-28T09:05:00Z,WAN2,0.4,9.1,3.0,115.4,227.6
2026-08-28T09:10:00Z,WAN1,0.21,15.6,1.3,95.2,128.3
2026-08-28T09:10:00Z,WAN2,0.03,24.5,1.4,66.9,220.7
2026-08-28T09:15:00Z,WAN1,0.22,14.7,4.7,44.5,222.4
2026-08-28T09:15:00Z,WAN2,0.17,24.4,5.3,42.2,271.9
2026-08-28T09:20:00Z,WAN1,0.18,13.8,1.7,37.5,49.5
2026-08-28T09:20:00Z,WAN2,0.09,14.6,4.4,110.5,219.4
2026-08-28T09:25:00Z,WAN1,0.39,24.1,5.3,48.9,51.4
2026-08-28T09:25:00Z,WAN2,0.24,14.2,5.9,22.5,285.9
2026-08-28T09:30:00Z,WAN1,0.11,19.5,4.6,68.0,240.9
2026-08-28T09:30:00Z,WAN2,0.34,10.1,5.1,118.5,254.4
2026-08-28T09:35:00Z,WAN1,0.24,18.2,1.5,76.1,117.1
2026-08-28T09:35:00Z,WAN2,0.09,23.8,2.3,39.8,263.3
2026-08-28T09:40:00Z,WAN1,0.21,22.9,1.9,110.2,148.8
2026-08-28T09:40:00Z,WAN2,0.35,18.4,2.7,55.6,68.7
2026-08-28T09:45:00Z,WAN1,0.22,9.2,5.5,45.8,123.1
2026-08-28T09:45:00Z,WAN2,0.15,16.1,5.6,27.8,131.8
2026-08-28T09:50:00Z,WAN1,0.22,16.8,5.4,74.0,213.6
2026-08-28T09:50:00Z,WAN2,0.27,14.3,3.2,41.0,69.5
2026-08-28T09:55:00Z,WAN1,0.38,19.5,1.6,104.4,146.6
2026-08-28T09:55:00Z,WAN2,0.17,21.4,2.5,88.3,243.4
2026-08-28T10:00:00Z,WAN1,0.27,10.8,1.6,95.3,198.2
2026-08-28T10:00:00Z,WAN2,0.15,23.9,3.8,118.8,87.7
2026-08-28T10:05:00Z,WAN1,0.33,24.7,1.8,40.1,163.0
2026-08-28T10:05:00Z,WAN2,0.13,18.0,1.5,23.6,64.7
2026-08-28T10:10:00Z,WAN1,0.04,13.8,4.9,78.2,82.6
2026-08-28T10:10:00Z,WAN2,0.24,24.7,5.8,33.6,221.4
2026-08-28T10:15:00Z,WAN1,0.03,22.7,2.6,83.1,277.6
2026-08-28T10:15:00Z,WAN2,0.18,13.4,1.3,86.9,214.7
2026-08-28T10:20:00Z,WAN1,0.27,9.4,2.7,47.5,80.6
2026-08-28T10:20:00Z,WAN2,0.04,11.9,5.3,106.7,198.4
2026-08-28T10:25:00Z,WAN1,0.13,13.6,5.5,33.8,70.0
2026-08-28T10:25:00Z,WAN2,0.38,12.6,5.8,49.4,65.9
2026-08-28T10:30:00Z,WAN1,0.13,22.6,5.3,81.0,177.6
2026-08-28T10:30:00Z,WAN2,0.18,13.9,5.7,59.4,68.2
2026-08-28T10:35:00Z,WAN1,0.23,14.4,2.6,114.5,213.0
2026-08-28T10:35:00Z,WAN2,0.19,23.7,1.9,37.9,293.0
2026-08-28T10:40:00Z,WAN1,0.04,20.6,2.4,30.5,286.1
2026-08-28T10:40:00Z,WAN2,0.29,13.5,2.0,91.6,235.8
2026-08-28T10:45:00Z,WAN1,0.12,8.6,2.8,74.6,119.2
2026-08-28T10:45:00Z,WAN2,0.31,16.0,2.1,74.4,75.8
2026-08-28T10:50:00Z,WAN1,0.28,24.6,2.2,37.6,190.6
2026-08-28T10:50:00Z,WAN2,0.1,9.9,3.5,38.6,216.9
2026-08-28T10:55:00Z,WAN1,0.2,11.8,5.5,74.5,245.6
2026-08-28T10:55:00Z,WAN2,0.31,12.4,2.1,48.9,173.0
2026-08-28T11:00:00Z,WAN1,0.29,10.1,2.3,21.6,248.1
2026-08-28T11:00:00Z,WAN2,0.37,18.1,3.9,63.0,124.9
2026-08-28T11:05:00Z,WAN1,0.15,8.0,2.2,67.8,128.0
2026-08-28T11:05:00Z,WAN2,0.25,10.6,2.9,113.0,97.1
2026-08-28T11:10:00Z,WAN1,0.4,8.0,5.8,117.0,277.8
2026-08-28T11:10:00Z,WAN2,0.4,24.6,3.5,101.4,86.9
2026-08-28T11:15:00Z,WAN1,0.33,10.9,5.3,96.8,217.9
2026-08-28T11:15:00Z,WAN2,0.31,13.6,5.0,112.2,205.9
2026-08-28T11:20:00Z,WAN1,0.27,12.0,3.0,91.3,192.9
2026-08-28T11:20:00Z,WAN2,0.22,10.3,1.1,68.1,253.6
2026-08-28T11:25:00Z,WAN1,0.4,10.4,5.9,48.1,293.5
2026-08-28T11:25:00Z,WAN2,0.17,21.6,3.9,84.3,57.2
2026-08-28T11:30:00Z,WAN1,0.05,23.4,1.3,81.5,287.1
2026-08-28T11:30:00Z,WAN2,0.25,17.8,4.5,98.9,115.8
2026-08-28T11:35:00Z,WAN1,0.05,13.2,4.1,41.6,131.8
2026-08-28T11:35:00Z,WAN2,0.19,13.8,4.2,113.8,179.5
2026-08-28T11:40:00Z,WAN1,0.32,12.0,5.5,105.8,68.9
2026-08-28T11:40:00Z,WAN2,0.01,15.1,2.2,20.8,82.4
2026-08-28T11:45:00Z,WAN1,0.33,16.3,4.2,69.7,68.0
2026-08-28T11:45:00Z,WAN2,0.39,23.9,3.2,116.6,215.1
2026-08-28T11:50:00Z,WAN1,0.17,10.0,5.9,23.8,148.8
2026-08-28T11:50:00Z,WAN2,0.13,20.4,2.9,25.5,141.5
2026-08-28T11:55:00Z,WAN1,0.01,18.0,5.7,86.5,289.4
2026-08-28T11:55:00Z,WAN2,0.23,17.5,3.9,22.3,121.8
2026-08-28T12:00:00Z,WAN1,0.19,17.2,5.5,90.6,127.8
2026-08-28T12:00:00Z,WAN2,0.39,18.4,1.4,72.1,116.6
2026-08-28T12:05:00Z,WAN1,0.16,18.4,5.2,92.3,286.5
2026-08-28T12:05:00Z,WAN2,0.23,9.9,3.9,107.6,126.1
2026-08-28T12:10:00Z,WAN1,0.39,9.2,4.1,42.6,192.6
2026-08-28T12:10:00Z,WAN2,0.1,17.0,1.9,112.5,279.4
2026-08-28T12:15:00Z,WAN1,0.21,10.9,3.7,40.3,280.5
2026-08-28T12:15:00Z,WAN2,0.34,10.1,1.7,84.2,106.6
2026-08-28T12:20:00Z,WAN1,0.05,10.9,1.2,106.5,75.7
2026-08-28T12:20:00Z,WAN2,0.03,12.8,1.1,98.4,238.7
2026-08-28T12:25:00Z,WAN1,0.21,24.7,5.6,78.1,81.2
2026-08-28T12:25:00Z,WAN2,0.3,8.1,5.8,98.8,215.4
2026-08-28T12:30:00Z,WAN1,0.05,21.7,4.9,114.2,152.1
2026-08-28T12:30:00Z,WAN2,0.15,22.9,3.1,87.3,235.8
2026-08-28T12:35:00Z,WAN1,0.08,17.6,5.0,118.2,104.9
2026-08-28T12:35:00Z,WAN2,0.13,15.8,1.8,20.2,211.9
2026-08-28T12:40:00Z,WAN1,0.3,15.1,1.7,60.4,71.8
2026-08-28T12:40:00Z,WAN2,0.25,9.1,2.4,25.4,170.6
2026-08-28T12:45:00Z,WAN1,0.37,19.6,1.6,33.7,214.0
2026-08-28T12:45:00Z,WAN2,0.04,18.1,1.2,30.0,269.5
2026-08-28T12:50:00Z,WAN1,0.16,13.5,1.3,93.1,184.1
2026-08-28T12:50:00Z,WAN2,0.29,9.6,2.9,51.9,42.2
2026-08-28T12:55:00Z,WAN1,0.17,17.0,3.5,92.1,157.0
2026-08-28T12:55:00Z,WAN2,0.19,11.0,3.0,43.1,151.9
2026-08-28T13:00:00Z,WAN1,0.26,16.2,2.1,95.2,75.3
2026-08-28T13:00:00Z,WAN2,0.33,23.0,2.0,38.0,185.2
2026-08-28T13:05:00Z,WAN1,0.02,16.7,3.5,98.8,89.0
2026-08-28T13:05:00Z,WAN2,0.3,9.3,3.6,62.1,136.9
2026-08-28T13:10:00Z,WAN1,0.19,13.7,4.5,86.9,40.8
2026-08-28T13:10:00Z,WAN2,0.17,13.1,4.3,103.1,243.0
2026-08-28T13:15:00Z,WAN1,0.36,23.7,3.7,21.9,224.5
2026-08-28T13:15:00Z,WAN2,0.35,23.5,3.2,32.2,168.5
2026-08-28T13:20:00Z,WAN1,0.06,13.0,1.9,104.2,291.1
2026-08-28T13:20:00Z,WAN2,0.33,18.0,5.4,111.3,149.9
2026-08-28T13:25:00Z,WAN1,0.15,13.1,2.0,101.6,123.5
2026-08-28T13:25:00Z,WAN2,0.16,22.6,4.0,24.0,201.1
2026-08-28T13:30:00Z,WAN1,0.04,16.5,2.2,97.9,187.6
2026-08-28T13:30:00Z,WAN2,0.18,20.9,5.5,61.7,221.4
2026-08-28T13:35:00Z,WAN1,0.06,24.2,1.4,85.1,140.7
2026-08-28T13:35:00Z,WAN2,0.04,10.2,3.0,34.9,176.3
2026-08-28T13:40:00Z,WAN1,0.4,21.0,5.4,65.4,87.4
2026-08-28T13:40:00Z,WAN2,0.02,17.6,3.0,87.9,120.6
2026-08-28T13:45:00Z,WAN1,0.11,18.8,5.5,65.1,240.2
2026-08-28T13:45:00Z,WAN2,0.01,16.7,5.4,22.5,241.9
2026-08-28T13:50:00Z,WAN1,0.17,9.5,4.2,117.8,136.4
2026-08-28T13:50:00Z,WAN2,0.05,17.0,1.3,117.5,204.1
2026-08-28T13:55:00Z,WAN1,0.19,9.3,2.9,20.0,75.1
2026-08-28T13:55:00Z,WAN2,0.19,13.1,3.4,88.0,51.6
2026-08-28T14:00:00Z,WAN1,0.38,18.7,3.8,23.8,288.3
2026-08-28T14:00:00Z,WAN2,0.15,12.1,4.5,68.0,93.4
2026-08-28T14:05:00Z,WAN1,0.04,22.9,5.1,116.9,217.0
2026-08-28T14:05:00Z,WAN2,0.17,23.6,1.4,65.4,265.1
2026-08-28T14:10:00Z,WAN1,0.22,21.6,4.9,49.4,289.0
2026-08-28T14:10:00Z,WAN2,0.01,21.0,1.1,31.6,49.6
2026-08-28T14:15:00Z,WAN1,0.08,17.6,3.1,76.9,274.7
2026-08-28T14:15:00Z,WAN2,0.13,9.1,5.5,118.0,291.1
2026-08-28T14:20:00Z,WAN1,0.36,17.3,1.5,112.6,288.0
2026-08-28T14:20:00Z,WAN2,0.14,11.0,1.3,60.4,100.1
2026-08-28T14:25:00Z,WAN1,0.14,13.9,5.0,61.0,83.5
2026-08-28T14:25:00Z,WAN2,0.24,16.3,1.4,66.9,115.9
2026-08-28T14:30:00Z,WAN1,0.1,23.3,6.0,69.0,272.0
2026-08-28T14:30:00Z,WAN2,0.17,22.7,3.5,50.6,122.0
2026-08-28T14:35:00Z,WAN1,0.36,22.7,5.6,112.4,103.9
2026-08-28T14:35:00Z,WAN2,0.01,19.6,3.9,53.5,103.9
2026-08-28T14:40:00Z,WAN1,0.29,21.2,1.7,52.8,124.3
2026-08-28T14:40:00Z,WAN2,0.11,21.0,1.1,53.6,246.3
2026-08-28T14:45:00Z,WAN1,0.03,15.3,5.9,117.5,222.9
2026-08-28T14:45:00Z,WAN2,0.31,18.6,3.0,23.1,166.1
2026-08-28T14:50:00Z,WAN1,0.0,9.6,3.6,109.7,143.2
2026-08-28T14:50:00Z,WAN2,0.2,10.2,4.1,110.9,295.8
2026-08-28T14:55:00Z,WAN1,0.02,12.1,3.3,67.4,278.2
2026-08-28T14:55:00Z,WAN2,0.29,18.1,1.9,87.4,170.0
2026-08-28T15:00:00Z,WAN1,0.27,8.0,2.9,52.5,145.7
2026-08-28T15:00:00Z,WAN2,0.2,21.4,3.6,40.6,165.8
2026-08-28T15:05:00Z,WAN1,0.23,8.8,3.9,76.2,207.2
2026-08-28T15:05:00Z,WAN2,0.27,20.9,1.4,51.6,110.5
2026-08-28T15:10:00Z,WAN1,0.25,23.1,2.8,98.3,44.0
2026-08-28T15:10:00Z,WAN2,0.1,17.2,5.5,93.2,272.1
2026-08-28T15:15:00Z,WAN1,0.39,12.6,5.7,36.1,190.0
2026-08-28T15:15:00Z,WAN2,0.08,9.9,2.6,90.2,220.0
2026-08-28T15:20:00Z,WAN1,0.06,13.9,5.8,79.4,252.4
2026-08-28T15:20:00Z,WAN2,0.4,10.0,1.3,102.5,251.8
2026-08-28T15:25:00Z,WAN1,0.13,21.8,4.5,53.5,219.4
2026-08-28T15:25:00Z,WAN2,0.32,16.7,3.7,40.1,59.4
2026-08-28T15:30:00Z,WAN1,0.03,21.5,6.0,101.1,265.1
2026-08-28T15:30:00Z,WAN2,0.19,9.8,5.6,74.2,192.7
2026-08-28T15:35:00Z,WAN1,0.29,11.9,5.7,76.3,198.7
2026-08-28T15:35:00Z,WAN2,0.14,17.7,5.8,36.9,96.5
2026-08-28T15:40:00Z,WAN1,0.28,20.1,3.5,95.4,178.1
2026-08-28T15:40:00Z,WAN2,0.08,13.2,2.6,56.7,79.8
2026-08-28T15:45:00Z,WAN1,0.36,13.8,2.0,31.9,163.8
2026-08-28T15:45:00Z,WAN2,0.03,15.5,1.7,67.6,74.1
2026-08-28T15:50:00Z,WAN1,0.1,24.3,1.2,70.7,253.5
2026-08-28T15:50:00Z,WAN2,0.31,10.4,2.5,76.5,230.2
2026-08-28T15:55:00Z,WAN1,0.37,17.2,1.7,23.5,188.6
2026-08-28T15:55:00Z,WAN2,0.35,12.3,4.5,95.1,40.7
2026-08-28T16:00:00Z,WAN1,0.08,16.3,2.1,30.6,209.5
2026-08-28T16:00:00Z,WAN2,0.06,18.5,6.0,23.3,104.3
2026-08-28T16:05:00Z,WAN1,0.04,16.1,4.9,95.9,122.0
2026-08-28T16:05:00Z,WAN2,0.13,17.2,3.7,27.7,276.9
2026-08-28T16:10:00Z,WAN1,0.32,20.5,1.4,75.4,76.2
2026-08-28T16:10:00Z,WAN2,0.37,11.1,1.5,71.4,168.3
2026-08-28T16:15:00Z,WAN1,0.18,20.4,3.8,62.1,268.0
2026-08-28T16:15:00Z,WAN2,0.08,16.9,1.3,99.0,92.5
2026-08-28T16:20:00Z,WAN1,0.23,19.9,1.4,28.8,170.8
2026-08-28T16:20:00Z,WAN2,0.24,11.3,2.7,114.3,208.2
2026-08-28T16:25:00Z,WAN1,0.07,18.4,2.3,23.3,42.5
2026-08-28T16:25:00Z,WAN2,0.32,24.4,2.2,93.1,239.2
2026-08-28T16:30:00Z,WAN1,0.06,24.3,5.4,24.8,102.3
2026-08-28T16:30:00Z,WAN2,0.29,14.6,1.7,23.1,272.0
2026-08-28T16:35:00Z,WAN1,0.38,15.6,4.7,87.1,298.2
2026-08-28T16:35:00Z,WAN2,0.12,16.2,4.0,113.8,278.4
2026-08-28T16:40:00Z,WAN1,0.31,17.0,2.7,118.0,232.8
2026-08-28T16:40:00Z,WAN2,0.39,12.8,3.3,65.7,149.6
2026-08-28T16:45:00Z,WAN1,0.35,16.3,4.7,70.8,275.3
2026-08-28T16:45:00Z,WAN2,0.33,13.1,6.0,105.7,247.5
2026-08-28T16:50:00Z,WAN1,0.27,15.5,1.7,30.0,133.1
2026-08-28T16:50:00Z,WAN2,0.25,22.8,2.9,90.3,194.9
2026-08-28T16:55:00Z,WAN1,0.36,23.6,1.1,93.7,115.5
2026-08-28T16:55:00Z,WAN2,0.38,9.1,2.9,23.7,199.9
2026-08-28T17:00:00Z,WAN1,0.02,9.4,3.9,35.3,42.3
2026-08-28T17:00:00Z,WAN2,0.35,22.2,3.5,105.0,192.7
